snapshot_cn,direction,summary,text,url
2026-08-31 10:00:00,hawk,Warsh Jackson Hole 鹰派,"主席 Warsh 在 8/28 Jackson Hole 研讨会上强调通胀仍高于 2% 目标，""committed to a discipline, not to a decision""、""there is work to do""，市场周末后加息预期回升。9/16 会议 +25bp 概率：57.00% → 65.43%（+8.43pp）。",https://www.federalreserve.gov/newsevents/speech/warsh20260828a.htm
2026-09-03 10:00:00,dove,Waller 鸽派表态,"理事 Waller 在 Reuters NEXT 访谈中表态""倾向于维持当前利率，等待 8 月通胀数据""，将加息决策描述为数据依赖。市场解读为鸽派，9/16 会议最大概率区间从 375-400 (+25bp) 切回 350-375 (维持)。+25bp 概率：63.21% → 50.57%（−12.64pp）。",https://www.federalreserve.gov/newsevents/speech/waller20260903a.htm
2026-09-04 10:00:00,hawk,8 月非农 +162k,"8 月非农就业 +162k（BLS 数据），高于 Waller 演讲里引用的""7 月月均 +60k""水平约一倍，劳动力市场偏强。9/16 会议 +25bp 概率：50.57% → 59.43%（+8.86pp）。",https://www.bls.gov/news.release/empsit.nr0.htm
2026-09-10 10:00:00,hawk,8 月 PPI +0.4% (商品 +1.1%),8 月生产者价格指数环比 +0.4%，商品端 +1.1% 远超预期，批发端通胀传导至消费端的担忧上升。9/16 会议 +25bp 概率：61.21% → 72.36%（+11.15pp）。,https://www.bls.gov/news.release/ppi.nr0.htm
2026-09-11 11:41:00,hawk,8 月 CPI +0.4% headline,9/11 周四 BLS 公布 8 月 CPI 环比 +0.4%（headline），核心 +0.3%；12 个月 CPI +3.4%、核心 +2.4%，离 2% 目标仍有距离。市场对更远会议也开始纳入额外加息预期：12/9 会议最大区间从 400-425 切到 400-425 但概率从 46.26% 升至 99.04%（+52.78pp），2027/3 会议 +25bp 区间累计概率骤升至 98.14%（+63.46pp）。,https://www.bls.gov/news.release/cpi.nr0.htm
2026-08-04 10:00:00,dove,JOLTS 偏冷 + Williams 鸽派,"BLS 公布 6 月 JOLTS 职位空缺 7.359M（前值 7.537M、预期 7.44M），明显低于预期，劳动力市场降温信号明确；同日纽约联储 Williams（美联储""三把手""）表态""当前利率处于良好位置、预计今年下半年通胀降温""，主席 Warsh 也在推动减少议息会议次数与弱化前瞻指引，被市场解读为鸽派制度信号；叠加美伊和谈推进、原油盘中跌超 5% 缓解通胀压力。9/16 会议最大概率区间维持 375-400（+25bp）但概率 67.21% → 58.43%（−8.78pp）。",https://www.bls.gov/news.release/jolts.nr0.htm
2026-03-12 10:00:00,hawk,霍尔木兹关闭、Brent 站上 100 美元,Energy Connects/Bloomberg 报道，伊朗誓言继续关闭霍尔木兹海峡，Brent 站上 100 美元/桶；前一交易日油价大涨 9.2%，当周波动区间为有记录以来最宽，能源供给冲击推升通胀担忧。9/16 会议最大概率区间从 325-350（降息）切到 350-375（持稳）61.31%（+19.00pp），持稳概率 37.3% → 61.3%。,https://www.energyconnects.com/news/oil/2026/march/brent-oil-trades-above-100-as-iran-vows-to-keep-hormuz-closed/
2026-03-18 10:00:00,hawk,3 月 FOMC 持稳、关注中东不确定性,FOMC 维持联邦基金利率 3.50–3.75%；声明称通胀仍偏高，中东局势对美国经济的影响不确定，委员会坚定致力于让通胀回到 2%。Miran 投票反对、主张降息 25bp。10/28 会议最大概率区间维持 350-375（持稳）但概率 41.95% → 59.89%（+17.94pp）；9/16 持稳概率 48.37% → 65.71%。,https://www.federalreserve.gov/newsevents/pressreleases/monetary20260318a.htm
2026-03-19 10:00:00,hawk,FOMC 次日消化、持稳概率大幅上升,3/18 FOMC 持稳声明次日继续被定价：全曲线持稳桶大幅上升、降息桶压缩。变动最大的是 2027-01-27 会议，最大概率区间维持 350-375（持稳）但概率 44.91% → 78.54%（+33.63pp），为样本内最大单日变动；9/16 持稳 65.71% → 92.04%。,https://www.federalreserve.gov/newsevents/pressreleases/monetary20260318a.htm
2026-03-20 10:00:00,dove,伊拉克不可抗力 + 科威特炼厂遇袭、Brent 收 112 美元,CNBC 报道，伊拉克对外国作业油田宣布不可抗力、科威特两座炼厂遭无人机袭击，Brent 收 112.19 美元/桶（+3.26%），WTI 收 98.32 美元（+2.27%），能源供给冲击推升加息定价。10/28 会议最大概率区间维持 350-375，概率 92.04% → 68.01%（−24.03pp），加息桶 6.1% → 32.0%；9/16 持稳 92.0% → 72.8%、加息 6.1% → 27.1%。,https://www.cnbc.com/2026/03/20/oil-wti-brent-us-weighs-releasing-sanctioned-iranian-crude.html
2026-03-23 10:00:00,hawk,特朗普推迟能源打击 5 天、油价暴跌约 11%,CNBC 报道，特朗普称美伊会谈有进展，下令对伊朗能源设施的打击再推迟 5 天，Brent 收 99.94 美元/桶（接近 −11%），WTI 收 88.13 美元（逾 −10%），能源通胀冲击暂时缓解。10/28 会议最大概率区间维持 350-375，概率 68.01% → 84.53%（+16.52pp），加息桶 32.0% → 9.7%。,https://www.cnbc.com/2026/03/23/oil-prices-trump-iran-strait-of-hormuz-wti-crude-middle-east-lng-gas.html
2026-03-24 10:00:00,dove,伊朗否认谈判、油价结算大涨约 5%,Reuters 报道，伊朗否认与美方谈判，油价结算大涨：Brent +4.55% 至 104.49 美元/桶，WTI +4.79% 至 92.35 美元；盘后因美方 15 点方案报道回吐部分涨幅，但结算仍显著走强。10/28 会议最大概率区间维持 350-375，概率 84.53% → 62.78%（−21.75pp），加息桶 9.7% → 37.2%。,https://www.reuters.com/business/energy/oil-rises-markets-assess-supply-risks-after-iran-denies-us-talks-2026-03-24/
2026-03-25 10:00:00,hawk,特朗普称谈判中、非敌对船只可过霍尔木兹,CNBC 报道，特朗普称美伊“正在谈判”，伊朗称非敌对船只在协调后可通过霍尔木兹海峡，Brent −2.2% 至 102.22 美元/桶、WTI −2.2% 至 90.32 美元。10/28 会议最大概率区间维持 350-375，概率 62.78% → 77.80%（+15.02pp），加息桶 37.2% → 22.2%。,https://www.cnbc.com/2026/03/25/oil-price-wti-brent-gas-lng-trump-iran-talks-hormuz.html
2026-03-26 10:00:00,dove,加息桶再度上移（待核实）,中东供给冲击定价再次转鹰，持稳桶下降、加息桶上升。10/28 会议最大概率区间维持 350-375，概率 77.80% → 54.61%（−23.19pp），加息桶 22.2% → 45.4%。未见可靠的同日油价上涨稿，且特朗普当天还宣布再推迟打击，与曲线转鹰不完全对齐；连续反向拉锯，待核实主导触发。,https://www.energyconnects.com/news/oil/2026/march/brent-oil-trades-above-100-as-iran-vows-to-keep-hormuz-closed/
2026-03-27 10:00:00,hawk,周末前加息预期回落（待核实）,加息桶回落、持稳桶回升。10/28 会议最大概率区间维持 350-375，概率 54.61% → 74.50%（+19.89pp），加息桶 45.4% → 25.5%。同日油价报道偏强，与 FedWatch 走鸽方向相反，更像仓位回吐/波动放大，待核实主导触发。,https://www.energyconnects.com/news/oil/2026/march/brent-oil-trades-above-100-as-iran-vows-to-keep-hormuz-closed/
2026-03-30 10:00:00,hawk,周一继续回吐加息预期（待核实）,周一对照上周五（03-27）：加息桶继续压缩。10/28 会议最大概率区间维持 350-375，概率 74.50% → 87.10%（+12.60pp），加息桶 25.5% → 5.5%。同日油价报道偏强、与曲线继续走鸽不完全对齐，待核实主导触发。,https://www.energyconnects.com/news/oil/2026/march/us-expands-threats-to-iran-energy-water-even-as-it-hails-talks/
2026-04-08 10:00:00,dove,美伊同意两周停火、油价跌破 100 美元,Energy Connects/Bloomberg 报道，美伊同意两周停火、预期重开霍尔木兹，Brent 盘中最多约 −16%、回落到 94 美元附近。同日公布的 3 月 FOMC 纪要偏鹰，不能解释本日走鸽。变动最大的是 2027-04-28 会议，最大概率区间维持 350-375，概率 73.08% → 64.01%（−9.07pp），降息桶 20.2% → 29.6%。,https://www.energyconnects.com/news/utilities/2026/april/oil-slumps-below-100-as-us-iran-agree-to-two-week-ceasefire/
2026-04-09 10:00:00,dove,近端持稳概率回落（待核实）,4/8 远端转鸽后近端跟进：9/16 会议最大概率区间维持 350-375（持稳）但概率 95.50% → 87.23%（−8.27pp），降息桶 3.5% → 10.5%。停火次日油价报道偏反弹，与走鸽方向相反；同日 3 月纪要偏鹰，不能当主因。待核实主导触发。,https://www.federalreserve.gov/newsevents/pressreleases/monetary20260408a.htm
2026-04-17 10:00:00,dove,霍尔木兹重开预期、油价回落,霍尔木兹航运恢复、油价明显回落，市场重新计入未来降息空间，全曲线转鸽。变动最大的是 2027-04-28 会议，最大概率区间维持 350-375，概率 63.24% → 40.62%（−22.62pp）；9/16 持稳 85.13% → 66.62%，降息桶 14.2% → 28.9%。,https://www.reuters.com/business/energy/reopened-strait-hormuz-falling-oil-prices-may-recast-feds-options-future-cuts-2026-04-17/
2026-04-20 10:00:00,hawk,美方扣押伊朗油轮、霍尔木兹再关,Energy Connects/Bloomberg 报道，美方扣押一艘伊朗船只后伊朗再度关闭霍尔木兹海峡，Brent 交投约 95 美元、收回上周五跌幅约一半；特朗普仍称有达成协议的机会，但供给风险回升使上周五降息定价部分回吐。9/16 会议最大概率区间维持 350-375，概率 66.62% → 74.87%（+8.25pp），降息桶 28.9% → 23.4%。,https://www.energyconnects.com/news/gas-lng/2026/april/oil-and-gas-rise-after-us-seizure-of-iranian-ship-imperils-talks/
2026-04-21 10:00:00,hawk,全曲线持稳概率回升（待核实）,全曲线转为 hawk-hold。变动最大的是 2027-04-28 会议，最大概率区间维持 350-375，概率 43.33% → 60.67%（+17.34pp）；9/16 持稳 74.87% → 85.27%。同日油价报道偏回落，与 hawk-hold 方向相反，待核实主导触发。,https://www.energyconnects.com/news/oil/2026/april/oil-hits-wartime-high-on-report-us-eyeing-iran-military-options/
2026-04-23 10:00:00,hawk,伊朗扣押商船、霍尔木兹几乎停航,Energy Connects/Bloomberg 报道，伊朗向商船开火并扣押至少两艘船只，霍尔木兹通航几乎停摆，供给中断风险再被计入。变动最大的是 2027-04-28 会议，最大概率区间维持 350-375，概率 67.48% → 75.85%（+8.37pp），降息桶 27.5% → 21.1%。,https://www.energyconnects.com/news/oil/2026/april/hormuz-traffic-grinds-to-a-halt-after-iran-seizes-first-vessels/
2026-04-24 10:00:00,dove,美方赴巴基斯坦和谈、油价回落,Energy Connects/Bloomberg 报道，白宫派特使赴巴基斯坦、准备与伊朗官员接触，WTI 盘中最多约 −3.3%、交投约 94 美元，地缘溢价部分回吐。变动最大的是 2027-04-28 会议，最大概率区间维持 350-375，概率 75.85% → 58.18%（−17.67pp），降息桶 21.1% → 32.0%；9/16 持稳 82.45% → 72.76%。,https://www.energyconnects.com/news/oil/2026/april/oil-rises-fifth-day-as-iran-talks-impasse-adds-to-uncertainty/
2026-04-27 10:00:00,hawk,周末和谈停滞、霍尔木兹仍关,Energy Connects/Bloomberg 报道，周末美伊和谈停滞、特朗普取消特使巴基斯坦行程，霍尔木兹海峡仍几乎不可通行，Brent 盘中最多 +2.5% 至 107.97 美元。10/28 会议最大概率区间维持 350-375，概率 67.98% → 77.95%（+9.97pp），降息桶 27.2% → 20.2%；9/16 持稳 72.76% → 79.71%。,https://www.energyconnects.com/news/oil/2026/april/oil-rises-as-hormuz-remains-shut-after-us-iran-peace-talks-stall/
2026-04-28 10:00:00,hawk,FOMC 前近端持稳概率上升（待核实）,4/29 FOMC 前夜，近端进一步定价持稳。12/9 会议最大概率区间维持 350-375，概率 70.15% → 80.02%（+9.87pp）；9/16 持稳 79.71% → 83.87%。缺可靠的周二同日油价稿，待核实是否为会前仓位/中东消息。,https://www.federalreserve.gov/newsevents/pressreleases/monetary20260429a.htm
2026-04-29 10:00:00,hawk,4 月 FOMC 持稳、三人反对 easing bias,FOMC 维持 3.50–3.75%；声明称通胀偏高、部分反映全球能源价格上涨，中东局势加大前景不确定性。Hammack、Kashkari、Logan 支持持稳、但反对声明写入 easing bias；Miran 主张降息 25bp。期限结构扭转：9/16 持稳 83.87% → 98.58%（+14.71pp）；远端 2027-04-28 持稳 73.65% → 59.44%，加息桶 8.3% → 39.7%，最大区间概率 73.65% → 59.44%（质量上移而非转鸽）。,https://www.federalreserve.gov/newsevents/pressreleases/monetary20260429a.htm
2026-04-30 10:00:00,dove,FOMC 次日回吐近端持稳定价,4/29 会后被大幅定价的近端“几乎确定持稳”次日回吐，不宜另编独立宏观故事。9/16 会议最大概率区间维持 350-375，概率 98.58% → 84.82%（−13.76pp），降息桶 1.4% → 14.4%；远端加息桶亦从 39.7% 回落到 28.7%。,https://www.federalreserve.gov/newsevents/pressreleases/monetary20260429a.htm
2026-05-04 10:00:00,dove,护航首日遇袭、Brent 收 2026 高点,CNN 报道，美军“Project Freedom”护航首日油轮与阿联酋港口遇袭，周一油价大涨：Brent 收 114.4 美元/桶（+5.8%，2026 年收盘高点），WTI 收 106.42 美元（+4.39%），能源通胀冲击推升远端加息定价。变动最大的是 2027-01-27 会议，最大概率区间维持 350-375，概率 71.72% → 52.79%（−18.93pp），加息桶 16.4% → 42.9%。,https://www.cnn.com/2026/05/05/energy/oil-price-highest-in-2026-intl-hnk
2026-05-06 10:00:00,hawk,协议预期升温、油价暴跌约 7–8%,CNBC 报道，市场交易美伊接近达成 14 点谅解备忘录，特朗普已暂停霍尔木兹护航行动，油价暴跌：Brent 近 −8% 收 101.27 美元/桶，WTI 约 −7% 收 95.08 美元。变动最大的是 2027-04-28 会议，最大概率区间维持 350-375，概率 45.88% → 60.26%（+14.38pp），加息桶 48.5% → 28.8%。,https://www.cnbc.com/2026/05/06/oil-prices-trump-pauses-strait-of-hormuz-escort-effort.html
2026-05-07 10:00:00,dove,伊朗高官回绝美方方案、油价自低点回升,CNBC 报道，伊朗高官回绝美方方案，油价自盘中约 −5% 低点回升，但结算仍略跌（Brent −1% 至 100.06 美元/桶）。协议乐观被部分回吐，远端加息桶再度上移。变动最大的是 2027-04-28 会议，最大概率区间维持 350-375，概率 60.26% → 52.12%（−8.14pp），加息桶 28.8% → 42.5%。,https://www.cnbc.com/2026/05/07/oil-prices-today-trump-iran-strait-of-hormuz-us-crude-brent-.html
2026-05-12 10:00:00,dove,参议院确认 Warsh 出任理事,美国参议院 5/12 确认 Kevin Warsh 出任美联储理事（主席提名 5/13 确认、5/22 宣誓）。4 月 CPI 要到 5/13 08:30 ET 才公布，不进本日。远端加息概率上升：2027-03-17 持稳 56.59% → 42.66%、加息 40.5% → 55.6%；2027-04-28 最大区间从 350-375 切到 375-400，概率 53.13% → 39.44%。,https://www.federalreserve.gov/newsevents/pressreleases/other20260522a.htm
2026-05-15 10:00:00,dove,Powell 任临时主席、等待 Warsh 宣誓,美联储宣布：Powell 主席任期结束、Warsh 尚未宣誓，董事会任命 Powell 为临时主席（chair pro tempore）。市场继续定价即将上任的偏鹰主席。2027-01-27 会议最大概率区间从 350-375 切到 375-400（+25bp），概率 54.09% → 40.90%；2027-04-28 持稳 40.23% → 23.7%、加息 58.9% → 76.0%。,https://www.federalreserve.gov/newsevents/pressreleases/other20260515a.htm
2026-05-19 10:00:00,dove,近端加息概率回升（待核实）,近端持稳桶下降、加息桶上升。9/16 会议最大概率区间维持 350-375，概率 77.69% → 67.41%（−10.28pp），加息桶 22.3% → 31.9%。4 月 FOMC 纪要要到 5/20 才公布；缺可靠的同日油价上涨稿，现有回顾稿写油价回落、方向相反。待核实主导触发。,https://www.energyconnects.com/news/oil/2026/may/treasuries-set-for-best-week-since-war-began-as-oil-retreats/
2026-05-20 10:00:00,hawk,特朗普称谈判进入最后阶段、油价跌逾 5%,CNBC 报道，特朗普称美伊谈判进入“最后阶段”，WTI 逾 −5% 收 98.26 美元、Brent 逾 −5% 收 105.02 美元。同日公布的 4 月 FOMC 纪要整体偏鹰，不能解释本日走鸽。10/28 会议最大概率区间维持 350-375，概率 55.59% → 66.51%（+10.92pp），加息桶 43.9% → 31.7%。,https://www.cnbc.com/2026/05/20/oil-price-today-iran-war-strait-hormuz-trump.html
2026-05-21 10:00:00,dove,协议乐观回吐、油价低位反弹,Energy Connects/Bloomberg 报道，前一日美伊协议乐观被回吐，油价自低位反弹，Brent 回到约 106 美元/桶、WTI 约 99 美元。10/28 会议最大概率区间维持 350-375，概率 66.51% → 54.41%（−12.10pp），加息桶 31.7% → 45.6%。,https://www.energyconnects.com/news/oil/2026/may/oil-edges-up-after-plunging-on-optimism-over-us-iran-agreement/
2026-05-26 10:00:00,hawk,长周末停火进展、WTI 一度跌破 90 美元,对照 05-22 长周末：Energy Connects/Bloomberg 报道，5/25 特朗普称谈判顺利，巴基斯坦军方称协议接近达成，WTI 一度跌破 90 美元。10/28 会议最大概率区间维持 350-375，概率 48.31% → 63.55%（+15.24pp），加息桶 51.7% → 36.4%。,https://www.energyconnects.com/news/oil/2026/may/oil-slides-as-us-touts-progress-on-deal-toward-reopening-hormuz/
2026-06-01 10:00:00,dove,周末美伊再空袭、油价大涨逾 5%,The National 报道，周末后美伊再互相空袭，油价大涨逾 5%：Brent 晚间约 +4.6% 至 95.32 美元/桶，WTI 约 +5.9% 至 92.55 美元。12/9 会议最大概率区间维持 350-375，概率 54.56% → 46.24%（−8.32pp），加息桶 45.2% → 53.6%。,https://www.thenationalnews.com/business/energy/2026/06/01/oil-prices-surge-as-us-and-iran-launch-fresh-strikes/
2026-06-05 10:00:00,dove,5 月非农 +172k、失业率 4.3%,"BLS 公布 5 月非农就业 +172,000（高于预期约 +15 万），失业率持稳 4.3%；4 月上修至 +147,000（原 +119,000），过去 3 个月月均约 +17.3 万，时薪 +0.4% m/m、+3.8% y/y，劳动力市场偏强。10/28 会议最大概率区间维持 350-375，概率 62.92% → 47.41%（−15.51pp），加息桶 34.1% → 51.2%；9/16 持稳 72.05% → 60.41%。",https://www.reuters.com/business/world-at-work/us-posts-another-month-strong-job-gains-may-unemployment-rate-steady-43-2026-06-05/
2026-06-11 10:00:00,hawk,特朗普取消新一轮打击、称接近签署协议,CNBC 报道，特朗普取消原定周四夜间打击、称已达成“伟大和解”待文件敲定，Brent 收 90.38 美元（近 −3%），WTI 收 87.71 美元（逾 −2%）。同日 5 月 PPI 偏热，不能作为走鸽主因。10/28 会议最大概率区间维持 350-375，概率 49.74% → 59.05%（+9.31pp），加息桶 48.9% → 39.4%。,https://www.cnbc.com/2026/06/11/brent-wti-oil-prices-us-launches-fresh-strikes-on-iran-.html
2026-06-17 10:00:00,dove,9/16 最大概率桶下降（未见媒体明确单日归因）,6/17 FOMC 维持 3.50–3.75%，但本条折线展示的是 9/16 会议最大概率区间的概率，不是累计加息概率。9/16 的最大区间仍为 350-375（持稳），其概率 70.44% → 45.14%（−25.30pp），所以图上方向必须是下降（dove/蓝色）；与此同时累计加息概率 29.2% → 54.9%，两者不能混写。我重新检查了 6/17 当日及紧邻窗口，未见权威财经媒体对“9/16 最大概率桶下降 25.30pp”给出明确的单日归因，因此不再把 5 月 Warsh 讲话当作原因；先标记为“未见媒体明确分析原因”，仅保留官方 FOMC 页面供核对。,https://www.federalreserve.gov/newsevents/pressreleases/monetary20260617a.htm
2026-09-14 10:03:00,dove,CPI 极端定价后周末回吐远端加息尾部,9/11 公布 8 月 CPI 后，9/12 快照已把远端加息尾部一次性打满。本快照（周一北京 10:03，约周日晚复盘后）近端几乎不动：9/16 加息概率 87.29% → 86.61%。从 10/28 起累计加息概率仍是 100%，变的是远端更高加息桶回吐：2027-07-28 / 2027-10-27 的 450-475 桶均 −11.00pp（68%→57%、74%→63%），2027-06-09 最大区间从 450-475 切回 425-450。周末油价上涨，方向相反，不宜另编独立宏观故事。,https://www.bls.gov/news.release/cpi.nr0.htm
